{"cameraMode":{"drawMode":0,"name":"Shaded","section":"Shading Mode"},"sceneLighting":true,"audioPlay":false,"sceneViewState":{"showFog":true,"showMaterialUpdate":true,"showSkybox":true,"showFlares":true,"showImageEffects":true,"showParticleSystems":true},"in2DMode":false,"pivot":{"x":70.77857971191406,"y":126.67847442626953,"z":71.66793823242188},"rotation":{"x":0.0272341500967741,"y":0.935490608215332,"z":-0.07396477460861206,"w":0.34444865584373476},"size":507.859619140625,"orthographic":false}